batt_volt,batt_curr,output_volt,output_curr,pwr_in,pwr_out,time_stamp
26.1364,0.8977298,13.0029,0.0745399,23.4783,0.0,1.1741993427276611
26.1399,0.8814682,12.8987,0.0746316,23.4783,0.9220016,2.2417421340942383
26.145,0.8786479,13.0797,0.0746525,22.9811,0.9220016,3.2045109272003174
26.1419,0.8759476,13.0608,0.0722158,22.9811,0.8991618,4.1705098152160645
26.1535,0.8882888,12.8517,0.0747778,23.2403,0.8991618,5.238293409347534
26.1532,0.8906491,12.947,0.0720736,23.2403,0.8966787,6.2028584480285645
26.1416,0.8771877,13.1515,0.0712867,22.9401,0.8966787,7.169301509857178
26.1522,0.8923693,13.0989,0.0704961,22.9401,0.8846213,8.236958742141724
26.1543,0.880148,13.0367,0.0702197,23.0287,0.8846213,9.211696147918701
26.1536,0.8732073,13.1146,0.0715253,23.0287,0.8996884,10.173697710037231
26.1539,0.8842884,13.0438,0.0707467,23.1363,0.8996884,11.238564491271973
26.1614,0.8830883,12.9402,0.0697576,23.1363,0.8641223,12.204378366470337
26.1553,0.9059306,13.0378,0.0698573,23.7034,0.8641223,13.179448366165161
26.1596,0.8843685,13.1427,0.0707764,23.7034,0.8911,14.24747347831726
26.1496,0.910131,13.147,0.0714565,23.8089,0.8911,15.239006280899048
26.152,0.9067107,13.0305,0.070593,23.8089,0.8829945,16.236203908920288
26.1564,0.8965297,13.0246,0.0696629,23.4588,0.8829945,17.22072720527649
26.1612,0.8870687,13.1055,0.0700555,23.4588,0.8807631,18.213629961013794
26.157,0.8888889,13.0618,0.0716301,23.2598,0.8807631,19.21251153945923
26.149,0.8933694,13.0779,0.0718793,23.2598,0.8989211,20.20169949531555
26.1575,0.8649065,12.9823,0.0721451,22.6329,0.8989211,21.196211338043213
26.1638,0.889769,12.9996,0.0720661,22.6329,0.8979742,22.18421769142151
26.1625,0.8738074,12.962,0.0713977,22.8695,0.8979742,23.254909992218018
26.1589,0.8828283,13.1083,0.0713203,22.8695,0.8965787,24.221928119659424
26.16,0.8929493,12.9819,0.0708035,23.3686,0.8965787,25.189590454101562
26.1611,0.920212,12.8966,0.0709652,23.3686,0.8775831,26.255591869354248
26.161,0.9070707,13.015,0.0709906,23.7388,0.8775831,27.22230291366577
26.1564,0.8883889,13.0437,0.0731881,23.7388,0.914779,28.1884982585907
26.1628,0.8830483,13.0839,0.0714212,23.1119,0.914779,29.254502296447754
26.1713,0.8856486,13.0332,0.0706721,23.1119,0.881721,30.21962308883667
26.165,0.8691469,12.9809,0.0700709,22.7503,0.881721,31.18451714515686
26.1647,0.8873087,12.8387,0.0697017,22.7503,0.8594516,32.25083136558533
26.1626,0.8971297,12.8498,0.0719311,23.4796,0.8594516,33.21585440635681
26.1574,0.8882288,12.9238,0.0711341,23.4796,0.8835634,34.18200492858887
26.154,0.8845285,13.0095,0.0724514,23.1424,0.8835634,35.247830867767334
26.1557,0.880008,12.9678,0.0701727,23.1424,0.8721044,36.21796369552612
26.1651,0.8829883,12.8338,0.071135,23.1124,0.8721044,37.18499732017517
26.1626,0.9005501,12.7378,0.0700563,23.1124,0.8545792,38.25102353096008
26.1676,0.9107711,12.5814,0.0692309,23.8418,0.8545792,39.21930766105652
26.1674,0.8944895,12.5374,0.0684692,23.8418,0.8254919,40.184202432632446
26.1653,0.9145715,12.6819,0.0720686,23.9388,0.8254919,41.24548935890198
26.1675,0.9105511,12.8528,0.071178,23.9388,0.8808006,42.20944094657898
26.1589,0.9036104,12.561,0.0707883,23.6458,0.8808006,43.183475732803345
26.1639,0.9015102,12.6562,0.0707518,23.6458,0.8608142,44.24636745452881
26.1583,0.9046505,12.6909,0.0710692,23.6731,0.8608142,45.20958924293518
26.161,0.8929693,12.5418,0.0708713,23.6731,0.8534072,46.17672777175903
26.1653,0.8803881,12.683,0.0713809,23.0449,0.8534072,47.30128192901611
26.1752,0.8670067,12.7942,0.07182,23.0449,0.8830024,48.184305906295776
26.1745,0.8990299,12.9023,0.0677981,23.5405,0.8830024,49.25034499168396
26.1733,0.8840484,12.6141,0.0699878,23.5405,0.8497975,50.222400426864624
26.1715,0.8590459,12.5282,0.0697361,22.4918,0.8497975,51.18940210342407
26.1651,0.8813481,12.6974,0.0720677,22.4918,0.8783144,52.25396704673767
26.161,0.8640064,12.6099,0.0687325,22.6122,0.8783144,53.2221622467041
26.1721,0.8943695,12.7278,0.0716569,22.6122,0.8761876,54.19422507286072
26.1695,0.8834284,12.6595,0.0695431,23.128,0.8761876,55.25530958175659
26.1665,0.8616862,13.0143,0.0713607,23.128,0.8905687,56.2258574962616
26.1675,0.8829083,13.1011,0.0709263,23.112,0.8905687,57.195507526397705
26.1668,0.8637864,12.7843,0.0722457,23.112,0.8820554,58.16302037239075
26.1665,0.8760076,12.6265,0.0700401,22.9306,0.8820554,59.235047578811646
26.1694,0.8771477,12.796,0.0708129,22.9306,0.8665835,60.213051080703735
26.1684,0.8706671,12.9308,0.0703811,22.7926,0.8665835,61.232529163360596
26.1684,0.8706671,12.9308,0.0703811,22.7926,0.8705277,62.20729970932007
26.1765,0.8684669,12.5105,0.0700957,22.7424,0.8705277,63.20082998275757
26.1775,0.8731473,12.9129,0.0678467,22.7424,0.8373494,64.22838401794434
26.169,0.8577858,12.7826,0.0688563,22.4563,0.8373494,65.25504875183105
26.1727,0.8771877,12.8196,0.0702941,22.4563,0.8614533,66.2394118309021
26.1869,0.8639264,12.8149,0.0722548,22.6322,0.8614533,67.23984503746033
26.1747,0.8708271,12.8235,0.0705344,22.6322,0.8651787,68.23838949203491
26.1737,0.8907691,12.9688,0.0716427,23.3241,0.8651787,69.22862815856934
26.1762,0.8934894,12.9233,0.0695819,23.3241,0.8567404,70.20962619781494
26.1673,0.8786679,13.0386,0.0727052,23.0008,0.8567404,71.17370319366455
26.1732,0.8704671,12.9583,0.0695034,23.0008,0.863888,72.25440335273743
26.1691,0.8607461,12.9991,0.070364,22.5337,0.863888,73.2210967540741
26.1725,0.8771677,13.0963,0.0714204,22.5337,0.8911954,74.18494081497192
26.1701,0.8784079,12.9276,0.0692335,22.9967,0.8911954,75.57383704185486
26.1701,0.8784079,12.9276,0.0692335,22.9967,0.8552574,76.23086190223694
26.1658,0.8861086,13.0696,0.0702812,23.1947,0.8552574,77.20788884162903
26.1755,0.8766077,12.9447,0.0694231,23.1947,0.8578092,78.63345885276794
26.1755,0.8766077,12.9447,0.0694231,22.9545,0.8578092,79.45797538757324
26.1713,0.8731673,12.7672,0.0699123,22.9545,0.8553137,80.6330018043518
26.1713,0.8731673,12.7672,0.0699123,22.8602,0.8553137,81.50200343132019
26.169,0.8732873,12.8876,0.0705667,22.8602,0.8726873,82.81455039978027
26.169,0.8732873,12.8876,0.0705667,22.8619,0.8726873,83.8235514163971
26.169,0.8732873,12.8876,0.0705667,22.8619,22.8619,85.09706211090088
26.1767,0.8954896,12.9045,0.0703956,23.4502,22.8619,86.1040997505188
26.1767,0.8954896,12.9045,0.0703956,23.4502,0.8693338,86.82010507583618
26.1767,0.8954896,12.9045,0.0703956,0.8693338,0.8693338,87.94011068344116
26.1767,0.8923292,13.0588,0.0694429,0.8693338,0.8694385,89.40211033821106
26.1681,0.8923292,13.0588,0.0694429,23.3594,0.8694385,89.91962838172913
26.1681,0.8923292,13.0588,0.0694429,23.3594,23.3594,90.18362951278687
26.1725,0.8805081,13.0572,0.0713035,23.0536,23.3594,91.2006323337555
26.1668,0.8945295,12.9686,0.0700718,23.0536,0.8598735,92.31322050094604
26.1673,0.8818682,12.7963,0.0709111,23.0852,0.8598735,93.34773516654968
26.1661,0.8714672,12.909,0.0715999,23.0852,0.8788754,94.28177952766418
26.1739,0.8866287,12.8296,0.070094,23.2154,0.8788754,95.31329536437988
26.1685,0.889529,12.8856,0.071189,23.2154,0.8723404,96.33432412147522
26.1697,0.8730273,12.6566,0.0717297,22.8557,0.8723404,97.5163996219635
26.1697,0.8730273,12.6566,0.0717297,22.8557,0.8647959,98.3874340057373
26.173,0.8877288,12.8233,0.0708315,23.2434,0.8647959,99.48446130752563
26.173,0.8877288,12.8233,0.0708315,23.2434,0.8630519,100.18146133422852
26.1711,0.8567057,12.9546,0.0720702,22.4296,0.8630519,101.36098742485046
26.1768,0.8663867,12.9118,0.0732864,22.4296,0.8963334,102.5220844745636
26.1768,0.8663867,12.9118,0.0732864,22.688,0.8963334,103.25162935256958
26.1674,0.8578458,12.9598,0.0697722,22.688,0.8624362,104.30063533782959
26.1709,0.8681068,12.7317,0.0705692,22.727,0.8624362,105.4746344089508
26.1706,0.8871487,12.8551,0.0705794,22.727,0.8666414,106.37164044380188
26.1641,0.8750075,12.8676,0.0713876,22.9025,0.8666414,107.40822672843933
26.1735,0.8736474,12.7645,0.0718968,22.9025,0.8785832,108.28722834587097
26.1766,0.8831483,12.798,0.0742018,23.1268,0.8785832,109.27476286888123
26.1766,0.8831483,12.798,0.0742018,23.1268,0.9081924,110.22528195381165
26.1662,0.8711271,12.8876,0.0722224,22.8032,0.9081924,112.08228492736816
26.1662,0.8711271,12.8876,0.0722224,22.8032,0.8777346,112.73728632926941
26.1662,0.8711271,12.8876,0.0722224,0.8777346,0.8777346,113.24228715896606
26.1681,0.8756276,12.6986,0.0717958,0.8777346,0.8718669,114.23133635520935
26.176,0.8889489,12.9186,0.0711055,23.2782,0.8718669,115.2503936290741
26.1711,0.8735474,12.8967,0.0717071,23.2782,0.8859964,116.26139736175537
26.1689,0.89995,13.037,0.0723702,23.5597,0.8859964,117.24942684173584
26.1737,0.8932093,13.1138,0.072838,23.5597,0.9020683,118.23299789428711
26.1708,0.9013902,13.2148,0.07079,23.5991,0.9020683,119.22903680801392
26.1734,0.8920092,12.8134,0.0725879,23.5991,0.881235,120.23358941078186
26.1717,0.8874688,12.9015,0.0698127,23.2354,0.881235,121.22862386703491
26.1731,0.8953095,12.8265,0.0700315,23.2354,0.8548996,122.21166205406189
26.1715,0.8775478,12.8795,0.0687578,22.9752,0.8548996,123.20971703529358
26.1647,0.8957696,12.9417,0.0695957,22.9752,0.857056,124.19725799560547
26.1678,0.9087509,13.0152,0.0703538,23.7883,0.857056,125.18229174613953
26.1706,0.8935494,13.0076,0.070633,23.7883,0.8745125,126.24829721450806
26.1682,0.89985,13.0378,0.0696543,23.5558,0.8745125,127.21029663085938
26.1544,0.889889,13.0081,0.0714313,23.5558,0.8817116,128.17153191566467
26.1685,0.8779678,12.8957,0.0720902,22.984,0.8817116,129.23828601837158
26.1606,0.8746475,12.9305,0.070723,22.984,0.8675774,130.2033896446228
26.1661,0.8545655,12.8477,0.0704535,22.3689,0.8675774,131.16712307929993
26.1676,0.8782278,12.8755,0.069481,22.3689,0.850907,132.23294186592102
26.1583,0.8973497,13.0501,0.0688677,23.4813,0.850907,133.19794297218323
26.1677,0.8735074,13.0256,0.070548,23.4813,0.8713371,134.16694498062134
26.1723,0.8886489,12.9612,0.0691659,23.2669,0.8713371,135.23194885253906
26.1623,0.8792479,13.0661,0.0695586,23.2669,0.8659757,136.19695043563843
26.1599,0.89977,12.9282,0.0714691,23.5464,0.8659757,137.1552414894104
26.1686,0.9023302,12.8662,0.069774,23.5464,0.8551371,138.21847939491272
26.1593,0.8957296,12.9284,0.0700341,23.4403,0.8551371,139.18448114395142
26.1759,0.8961496,13.0061,0.0718234,23.4403,0.8919642,140.26948356628418
26.1707,0.8874088,12.799,0.0699998,23.2328,0.8919642,141.23452496528625
26.1707,0.8828483,12.8146,0.0690886,23.2328,0.8473066,142.20305705070496
26.1734,0.8844085,12.8041,0.0695483,23.1569,0.8473066,143.20806002616882
26.1749,0.8823282,12.9253,0.0678414,23.1569,0.8412638,144.17706441879272
26.1752,0.8922092,12.8825,0.0692335,23.3628,0.8412638,145.24509477615356
26.1712,0.8880088,12.8982,0.0692058,23.3628,0.8534885,146.20671844482422
26.1637,0.8960896,12.9781,0.0675862,23.454,0.8534885,147.17372274398804
26.1653,0.8883088,12.9159,0.0664951,23.454,0.8248169,148.23856258392334
26.1635,0.9133113,13.0413,0.0673683,23.9045,0.8248169,149.2036051750183
26.1656,0.869507,12.8332,0.0684718,23.9045,0.8447985,150.1675000190735
26.1671,0.8977298,13.009,0.0695793,23.5001,0.8447985,151.23251080513
26.1696,0.9091709,13.0564,0.0711603,23.5001,0.8896827,152.19611048698425
26.1687,0.8962296,13.0385,0.0712976,23.4619,0.8896827,153.1584506034851
26.1643,0.8918692,12.9298,0.0705352,23.4619,0.8724185,154.2504861354828
26.1753,0.9009101,13.019,0.0712538,23.5908,0.8724185,155.28025078773499
26.1672,0.8915292,13.0555,0.0701522,23.5908,0.8751719,156.25425004959106
26.1729,0.8943494,13.1395,0.0712673,23.4166,0.8751719,157.21825218200684
26.1767,0.8933694,13.0429,0.0709838,23.4166,0.8867527,158.18325471878052
26.1755,0.8832483,13.0034,0.0697318,23.1279,0.8867527,159.25528526306152
26.1755,0.8832483,13.0034,0.0697318,23.1279,0.8662538,160.22581434249878
26.1693,0.9142514,13.0855,0.0688197,23.9344,0.8662538,161.22781825065613
26.1668,0.8719272,12.8883,0.0697464,23.9344,0.8601391,162.19881868362427
26.1761,0.8735474,13.0199,0.0698178,22.8743,0.8601391,163.16364669799805
26.1722,0.859386,12.7929,0.0695949,22.8743,0.8525337,164.23389101028442
26.1722,0.859386,12.7929,0.0695949,22.5003,0.8525337,165.1988914012909
26.1706,0.8590859,12.8554,0.0673559,22.5003,0.8273765,166.17289304733276
26.1713,0.8792479,12.9042,0.0693599,23.0196,0.8273765,167.24029994010925
26.1692,0.869607,13.004,0.0696009,23.0196,0.8634863,168.23648881912231
26.171,0.8645665,13.0038,0.0686416,22.6353,0.8634863,169.23013162612915
26.18,0.8522852,13.0101,0.0693842,22.6353,0.8620503,170.22413563728333
26.1779,0.869447,12.9807,0.0693426,22.769,0.8620503,171.21965956687927
26.17,0.8529253,13.0004,0.0695405,22.769,0.8626535,172.2156641483307
26.1711,0.8514252,13.0347,0.0704808,22.2918,0.8626535,173.20186805725098
26.1721,0.8833884,12.9333,0.072772,22.2918,0.9011776,174.19388675689697
26.1704,0.8712471,12.7908,0.0717021,22.8093,0.9011776,175.19588994979858
26.1776,0.8723072,12.8263,0.0690938,22.8093,0.845808,176.18330264091492
26.1618,0.8769077,13.0525,0.0722432,22.9502,0.845808,177.2503056526184
26.1749,0.8587659,13.1616,0.0709618,22.9502,0.8926424,178.21306657791138
26.1727,0.859866,12.9768,0.0723445,22.5131,0.8926424,179.17859053611755
26.1825,0.8548855,12.9193,0.071911,22.5131,0.8899874,180.2428708076477
26.1824,0.8579458,13.0301,0.0727432,22.4719,0.8899874,181.20996713638306
26.1774,0.8750875,12.8789,0.0715849,22.4719,0.8820413,182.17418456077576
26.1725,0.8825283,12.8522,0.0702232,23.1066,0.8820413,183.2390353679657
26.1603,0.9054906,12.9825,0.072308,23.1066,0.8980023,184.2009916305542
26.1706,0.8974498,12.6901,0.0706126,23.4962,0.8980023,185.16516971588135
26.1674,0.8816082,12.8473,0.0704748,23.4962,0.8638208,186.23282384872437
26.1763,0.8945295,12.8873,0.0704969,23.4244,0.8638208,187.19763350486755
26.1675,0.9022502,12.8646,0.0704467,23.4244,0.8692494,188.15844345092773
26.1679,0.8975298,12.8203,0.0712083,23.4949,0.8692494,189.22447276115417
26.1659,0.880108,12.8906,0.0711906,23.4949,0.876983,190.1868541240692
26.1627,0.8972497,12.8472,0.0705565,23.4835,0.876983,191.2513768672943
26.1628,0.8883488,12.8243,0.0704595,23.4835,0.865374,192.21819949150085
26.1684,0.9005501,13.0331,0.0698101,23.5749,0.865374,193.19902658462524
26.1788,0.8944895,12.8853,0.0697817,23.5749,0.8585984,194.16520309448242
26.1735,0.8891489,13.0656,0.0679616,23.2812,0.8585984,195.22943234443665
26.1709,0.8879488,12.7867,0.0684806,23.2812,0.8363399,196.1964328289032
26.1787,0.9051105,12.7787,0.0689782,23.7035,0.8363399,197.17427372932434
26.1765,0.8987299,12.9513,0.0691945,23.7035,0.8543557,198.24090600013733
26.1697,0.9032103,12.894,0.067484,23.6464,0.8543557,199.2053542137146
26.1733,0.9108911,12.9515,0.0658595,23.6464,0.8104154,200.16481161117554
26.1741,0.8826683,12.8563,0.0679501,23.1122,0.8104154,201.2353904247284
26.1687,0.9039704,12.7884,0.0690052,23.1122,0.8445782,202.1986322402954
26.1696,0.8944495,12.8336,0.0693418,23.416,0.8445782,203.16270303726196
26.1715,0.8875488,12.8651,0.0663316,23.416,0.8118984,204.22656059265137
26.1718,0.8766677,12.9333,0.0676262,22.9529,0.8118984,205.19356393814087
26.1647,0.8714472,12.6386,0.069053,22.9529,0.8342787,206.15662956237793
26.1784,0.8641264,12.8727,0.0677945,22.6301,0.8342787,207.22122359275818
26.1859,0.8747675,12.9775,0.0700932,22.6301,0.8717497,208.18402528762817
26.1748,0.8655066,12.8852,0.0705174,22.6635,0.8717497,209.25189518928528
26.1733,0.8455846,12.7899,0.0699878,22.6635,0.8574857,210.25223541259766
26.176,0.8650865,12.7698,0.0711181,22.6532,0.8574857,211.21823859214783
26.1812,0.8618462,12.8065,0.0705233,22.6532,0.8661726,212.18195366859436
26.1854,0.8389039,12.8134,0.0713918,21.9755,0.8661726,213.2463195323944
26.1854,0.8389039,12.8134,0.0713918,21.9755,0.8742749,214.2129201889038
26.1804,0.8906491,12.8477,0.0719786,23.3266,0.8742749,215.18800735473633
26.1804,0.8728473,12.8532,0.0703666,23.3266,0.8654084,216.25161480903625
26.1805,0.8773077,12.7349,0.0708899,22.9769,0.8654084,217.2465455532074
26.1879,0.8740474,12.9388,0.0700572,22.9769,0.8670805,218.24488997459412
26.1791,0.8754476,12.9128,0.0695319,22.9272,0.8670805,219.23463821411133
26.1757,0.8855286,13.046,0.0709179,22.9272,0.8839884,220.22597885131836
26.1766,0.8783879,13.1565,0.0698831,23.0015,0.8839884,221.22408938407898
26.1752,0.8735874,13.0304,0.0691069,23.0015,0.8596063,222.22916960716248
26.181,0.8887289,12.9703,0.0682233,23.2767,0.8596063,223.2104251384735
26.1615,0.889469,13.0624,0.0688964,23.2767,0.8610189,224.20096969604492
26.1622,0.879528,12.9075,0.0688642,23.0192,0.8610189,225.1958727836609
26.1632,0.8761076,13.0694,0.0687613,23.0192,0.8603782,226.2261974811554
26.1752,0.8722872,12.9866,0.0671015,22.8408,0.8603782,227.188880443573
26.1738,0.879508,13.2803,0.0686748,22.8408,0.8700714,228.25532245635986
26.1725,0.8671867,13.031,0.0672748,22.7049,0.8700714,229.22569608688354
26.1854,0.7438744,12.931,0.0676395,22.7049,0.8344303,230.18869853019714
26.4344,-1.085,13.0314,0.0669959,-28.702,0.8344303,231.25125670433044
26.4767,-1.0993,12.9723,0.0665547,-28.702,0.8253357,232.21455883979797
26.5145,-1.0896,12.7908,0.0669986,-28.9118,0.8253357,233.17814779281616
26.5495,-1.0734,12.8967,0.0678688,-28.9118,0.8395402,234.24228358268738
26.5733,-1.0912,12.9377,0.0684376,-29.0203,0.8395402,235.20634007453918
26.6077,-1.0623,12.8576,0.0685891,-29.0203,0.8469441,236.16917157173157
26.6317,-1.0807,12.933,0.0680543,-28.8001,0.8469441,237.23356866836548
26.6605,-1.0686,12.9601,0.0688981,-28.8001,0.85592,238.19950342178345
26.6785,-1.0653,13.1455,0.0671203,-28.4434,0.85592,239.16701674461365
26.7062,-1.0497,12.885,0.0679722,-28.4434,0.8400715,240.22899079322815
26.7383,-1.0594,12.9638,0.0677299,-28.3482,0.8400715,241.2029275894165
26.7615,-1.0361,12.8565,0.0676404,-28.3482,0.8328208,242.16681265830994
26.785,-1.0436,12.9832,0.0679616,-27.9753,0.8328208,243.23044800758362
26.8168,-1.0532,13.0993,0.0690426,-27.9753,0.8676461,244.22345089912415
26.838,-1.0707,12.9975,0.0660669,-28.7556,0.8676461,245.19045400619507
26.8629,-1.0683,13.0344,0.068349,-28.7556,0.8539416,246.25402760505676
26.895,-1.0636,12.9289,0.0671408,-28.6247,0.8539416,247.21936011314392
26.9075,-1.076,12.9159,0.0686582,-28.6247,0.8471425,248.1891894340515
26.9345,-1.0821,13.0603,0.0693383,-29.1652,0.8471425,249.25770902633667
26.9524,-1.0773,12.8805,0.0686827,-29.1652,0.8426561,250.2217311859131
26.9727,-1.0657,12.8217,0.0687037,-28.7607,0.8426561,251.18518567085266
27.0034,-1.0592,12.8408,0.0684622,-28.7607,0.8433265,252.25175285339355
27.0151,-1.0515,12.9501,0.0697688,-28.424,0.8433265,253.21865844726562
27.0314,-1.0562,13.0318,0.0701702,-28.424,0.8746234,254.1876609325409
27.0504,-1.0452,12.8734,0.0698419,-28.2893,0.8746234,255.24920916557312
27.0737,-1.0552,12.907,0.0692283,-28.2893,0.8555996,256.21362376213074
27.0896,-1.0612,12.7929,0.0687997,-28.7653,0.8555996,257.17932748794556
27.113,-1.0447,12.812,0.0685069,-28.7653,0.8361383,258.2447636127472
27.1327,-1.0364,12.9608,0.0696621,-28.1382,0.8361383,259.21165323257446
27.157,-1.04,12.8256,0.0718943,-28.1382,0.8818194,260.17580223083496
27.1709,-1.0467,12.8309,0.0714313,-28.4577,0.8818194,261.19669222831726
27.1949,-1.0477,12.7419,0.0708823,-28.4577,0.8633848,262.16106128692627
27.2161,-1.0377,12.825,0.0699535,-28.2625,0.8633848,263.2267644405365
27.2376,-1.0643,12.7582,0.0705352,-28.2625,0.8586015,264.19183564186096
27.2582,-1.0479,12.796,0.069675,-28.5846,0.8586015,265.2588381767273
27.2819,-1.0365,12.6339,0.069932,-28.5846,0.8443954,266.22383880615234
27.2889,-1.0452,12.9205,0.0696612,-28.5387,0.8443954,267.1876199245453
27.3089,-1.037,12.9604,0.0688851,-28.5387,0.8513617,268.25354766845703
27.3411,-1.0399,12.9703,0.0694205,-28.449,0.8513617,269.2216114997864
27.3573,-1.0442,12.9907,0.0696845,-28.449,0.8651959,270.1895031929016
27.3682,-1.0226,12.8622,0.0674057,-28.0026,0.8651959,271.25839495658875
27.3871,-1.0151,13.0961,0.0693314,-28.0026,0.8695026,272.2238459587097
27.3999,-1.0189,12.7797,0.0683183,-27.9336,0.8695026,273.18790793418884
27.4178,-0.9984599,12.8794,0.0705454,-27.9336,0.8692932,274.2524380683899
27.4318,-1.0104,12.9961,0.0689391,-27.7336,0.8692932,275.21646213531494
27.4461,-1.022,12.8793,0.0686617,-27.7336,0.8438922,276.1828672885895
27.4591,-1.0187,12.7701,0.0689956,-27.9881,0.8438922,277.25287079811096
27.4748,-1.0166,12.8125,0.0696914,-27.9881,0.8563138,278.2208743095398
27.4889,-1.0285,12.8978,0.0708493,-28.288,0.8563138,279.1958770751953
27.5084,-0.9980198,13.2791,0.0680084,-28.288,0.8640598,280.17990946769714
27.5206,-1.018,13.094,0.0697731,-28.0328,0.8640598,281.2709584236145
27.5302,-1.0441,12.9317,0.0695146,-28.0328,0.8616033,282.25396180152893
27.5428,-1.0098,12.983,0.0697137,-27.8293,0.8616033,283.2479667663574
27.5455,-1.0293,12.9507,0.0699946,-27.8293,0.8681384,284.2744822502136
27.5647,-1.0308,13.0719,0.0689338,-28.4288,0.8681384,285.24318647384644
27.5695,-1.0109,13.1019,0.0693651,-28.4288,0.8683853,286.20820689201355
27.5899,-1.0051,13.059,0.0698023,-27.746,0.8683853,287.1729025840759
27.606,-1.025,13.0237,0.0701334,-27.746,0.8788863,288.2390398979187
27.61,-1.0236,12.9936,0.0685515,-28.278,0.8788863,289.2038242816925
27.6259,-1.0222,13.1387,0.0683192,-28.278,0.8580796,290.1705901622772
27.6351,-1.009,13.0052,0.0680349,-27.9032,0.8580796,291.2352387905121
27.6479,-1.0188,13.0144,0.0683534,-27.9032,0.8526228,292.20224046707153
27.658,-1.0136,13.1214,0.0682664,-28.052,0.8526228,293.168420791626
27.6748,-1.0198,13.2233,0.068049,-28.052,0.8614424,294.23286747932434
27.6867,-1.0111,13.0592,0.0681353,-28.0111,0.8614424,295.19887137413025
27.7042,-0.9981598,12.8268,0.0682277,-28.0111,0.8393292,296.16554522514343
27.7167,-1.0166,12.9304,0.0688581,-28.196,0.8393292,297.2289273738861
27.7279,-1.0166,13.02,0.0665565,-28.196,0.8274781,298.20292949676514
27.7279,-0.9985199,12.9367,0.0690808,-27.705,0.8274781,299.16896057128906
27.7463,-1.03,12.8401,0.0684736,-27.705,0.8442454,300.2327845096588
27.7571,-1.0131,12.9646,0.0692092,-28.1378,0.8442454,301.2212300300598
27.7541,-1.0031,12.9731,0.068356,-28.1378,0.8454408,302.18383955955505
27.77,-1.0032,12.8943,0.0681679,-27.8714,0.8454408,303.24565863609314
27.7813,-1.028,12.8638,0.0688546,-27.8714,0.8496553,304.2082393169403
27.7831,-1.01,12.8186,0.0669968,-28.0716,0.8496553,305.1740643978119
27.7912,-0.9925193,12.6848,0.0715698,-28.0716,0.8697682,306.23786783218384
27.7941,-0.9923593,12.7955,0.0695008,-27.5918,0.8697682,307.20235204696655
27.8045,-1.0044,12.751,0.070076,-27.5918,0.8531291,308.1911838054657
27.8085,-1.0036,12.8768,0.0677033,-27.9174,0.8531291,309.2567603588104
27.8192,-0.9971997,12.9602,0.0685576,-27.9174,0.847341,310.22243762016296
27.8272,-0.9946195,12.9211,0.0684806,-27.6866,0.847341,311.1913638114929
27.8294,-0.9982798,12.9136,0.0687709,-27.6866,0.8446501,312.1523287296295
27.8343,-0.989579,12.8993,0.0677662,-27.5543,0.8446501,313.2211763858795
27.8389,-0.9991599,12.8611,0.0683306,-27.5543,0.8404809,314.1863782405853
27.8479,-0.9755376,12.9112,0.0700212,-27.1779,0.8404809,315.25341057777405
27.8571,-0.9848785,12.6948,0.0689077,-27.1779,0.8313144,316.2506561279297
27.8571,-0.9848785,12.6948,0.0689077,-27.4469,0.8313144,317.2053828239441
27.8732,-0.969737,13.018,0.0694144,-27.4469,0.8585171,318.17879819869995
27.8764,-0.9848585,12.976,0.0686058,-27.4668,0.8585171,319.2745099067688
27.8905,-0.979578,12.9695,0.0677848,-27.4668,0.8360414,320.2457618713379
27.8968,-0.9829783,12.8036,0.0696672,-27.4362,0.8360414,321.23462200164795
27.894,-0.9814382,12.7316,0.0684166,-27.4362,0.8271077,322.2298815250397
27.9032,-0.9872387,12.9999,0.0691303,-27.5618,0.8271077,323.2272744178772
27.9178,-0.979378,12.9006,0.0699861,-27.5618,0.857367,324.21341252326965
27.9263,-0.9991199,12.8438,0.0685795,-27.9181,0.857367,325.2087969779968
27.9263,-0.9861986,12.7966,0.0671703,-27.9181,0.8102967,326.20564460754395
27.9412,-0.9692769,12.6916,0.0687979,-27.0987,0.8102967,327.2026765346527
27.942,-0.9948995,12.7974,0.068583,-27.0987,0.8285985,328.1896800994873
27.9598,-0.9855786,12.8748,0.068342,-27.5748,0.8285985,329.2565004825592
27.9609,-0.9868587,12.8812,0.067822,-27.5748,0.8369759,330.22161889076233
27.9639,-1.0017,12.6731,0.0685664,-28.026,0.8369759,331.1876437664032
27.9694,-0.9980998,12.8242,0.0686399,-28.026,0.839248,332.2541563510895
27.9815,-0.9935594,12.8984,0.0684876,-27.817,0.839248,333.2175078392029
27.9895,-0.9931993,12.8809,0.0672721,-27.817,0.8268155,334.1858093738556
27.994,-0.9811781,12.9101,0.0685708,-27.4831,0.8268155,335.25092792510986
27.9953,-0.9707171,12.9041,0.0670577,-27.4831,0.824009,336.2160873413086
28.0094,-0.9830383,12.8753,0.067387,-27.5494,0.824009,337.18207716941833
28.0113,-0.9890389,12.9859,0.068233,-27.5494,0.8444641,338.2849106788635
28.0104,-0.9854986,12.887,0.0669018,-27.6222,0.8444641,339.24842143058777
28.021,-0.9839584,12.859,0.0666727,-27.6222,0.8164082,340.21309185028076
28.0266,-0.9682568,12.7976,0.0687246,-27.1535,0.8164082,341.17891693115234
28.0358,-0.9864987,12.8557,0.0684508,-27.1535,0.8349429,342.24355602264404
28.0355,-0.9756776,12.8221,0.0711249,-27.3695,0.8349429,343.20817041397095
28.0486,-0.9847385,12.8285,0.069086,-27.3695,0.8430687,344.1741735935211
28.0535,-0.9728173,12.8625,0.0688555,-27.3067,0.8430687,345.24405169487
28.059,-0.9876188,12.8265,0.0677538,-27.3067,0.8279359,346.2089035511017
28.0688,-0.9991799,13.064,0.0710742,-28.0605,0.8279359,347.17474126815796
28.0702,-0.9705971,12.8982,0.0677086,-28.0605,0.8315644,348.2383186817169
28.075,-0.9824983,12.9512,0.0718225,-27.5998,0.8315644,349.20750522613525
28.0841,-0.9828583,13.1089,0.0693106,-27.5998,0.8620065,350.1755084991455
28.0929,-0.9876188,12.9648,0.0690782,-27.7625,0.8620065,351.23792791366577
28.0949,-0.9812781,12.8838,0.0704305,-27.7625,0.8606454,352.2020387649536
28.0937,-0.9850385,12.8801,0.0701445,-27.6919,0.8606454,353.16708111763
28.1041,-0.980078,12.8644,0.0691494,-27.6919,0.8389698,354.2337522506714
28.1042,-0.9884589,12.8569,0.0687892,-27.795,0.8389698,355.1998567581177
28.1197,-0.9848585,12.7628,0.0690052,-27.795,0.8371806,356.1642723083496
28.1167,-0.9740974,12.7564,0.0701137,-27.4047,0.8371806,357.2524182796478
28.1303,-0.9787779,12.8325,0.0688433,-27.4047,0.8370759,358.2161464691162
28.1292,-0.989839,12.7282,0.0700795,-27.8606,0.8370759,359.18023681640625
28.1412,-0.989399,12.8435,0.0677981,-27.8606,0.8279359,360.24354100227356
28.1533,-0.9573758,12.8688,0.0670174,-26.9721,0.8279359,361.2061471939087
28.1563,-0.9536554,12.8235,0.0663207,-26.9721,0.8100826,362.17732977867126
28.1612,-0.9525753,13.0042,0.0677875,-26.8425,0.8100826,363.2414667606354
28.1623,-0.9610961,12.8501,0.0660142,-26.8425,0.8049555,364.20528507232666
28.1681,-0.979618,12.8623,0.0678105,-27.6107,0.8049555,365.1688394546509
28.1708,-0.9858586,13.0276,0.0673755,-27.6107,0.8350866,366.2328259944916
28.1708,-0.9858586,13.0276,0.0673755,-27.7899,0.8350866,367.19754457473755
28.1882,-0.9466347,12.9313,0.0683604,-27.7899,0.8398121,368.17656803131104
28.1917,-0.9755176,12.8247,0.0675951,-27.5176,0.8398121,369.24213194847107
28.1898,-0.9517752,12.9357,0.0669152,-27.5176,0.8249981,370.2448236942291
28.2068,-0.9787179,12.697,0.0685034,-27.6252,0.8249981,371.23855423927307
28.2085,-0.959956,12.7517,0.0701094,-27.6252,0.8476676,372.2344992160797
28.2165,-0.970337,12.8817,0.0679007,-27.3968,0.8476676,373.2295014858246
28.2208,-0.9845785,12.9473,0.0686084,-27.3968,0.8406247,374.21831798553467
28.2287,-0.9860586,12.7549,0.0679334,-27.8521,0.8406247,375.2150676250458
28.2303,-0.9811381,12.8307,0.065635,-27.8521,0.7953639,376.2092068195343
28.2389,-0.9640164,12.7596,0.0667428,-27.2405,0.7953639,377.20342445373535
28.2439,-0.9564557,12.7635,0.0666826,-27.2405,0.8176224,378.19431829452515
28.2484,-0.9753776,12.8759,0.067012,-27.5707,0.8176224,379.1886456012726
28.2618,-0.9758576,12.9525,0.0652637,-27.5707,0.8111952,380.2631456851959
28.2565,-0.9658166,12.9686,0.0655233,-27.31,0.8111952,381.22914242744446
28.2555,-0.9874388,12.8335,0.0653849,-27.31,0.8050555,382.1927239894867
28.2581,-0.9759576,12.7225,0.0666619,-27.5985,0.8050555,383.16330909729004
28.2732,-0.9768577,12.6832,0.0651763,-27.5985,0.7930168,384.2273123264313
28.2713,-0.9612561,12.746,0.0676829,-27.1955,0.7930168,385.19123888015747
28.2691,-0.9721172,12.8587,0.0666204,-27.1955,0.8216634,386.2564129829407
28.2852,-0.9848985,12.7175,0.0675844,-27.8769,0.8216634,387.22388911247253
28.2895,-0.9842384,12.8733,0.0666213,-27.8769,0.823237,388.18787956237793
28.2862,-0.980058,12.8261,0.0649078,-27.7406,0.823237,389.252872467041
28.309,-0.9656166,12.9358,0.0647096,-27.7406,0.797997,390.2142581939697
28.2948,-0.9690769,12.9017,0.0661831,-27.4383,0.797997,391.1751766204834
28.2989,-0.9664567,12.7752,0.0657163,-27.4383,0.8060103,392.23745346069336
28.3056,-0.969817,12.6999,0.0662039,-27.47,0.8060103,393.2022240161896
28.3051,-0.9867187,12.7479,0.0655966,-27.47,0.8011411,394.18902611732483
28.319,-0.9749175,12.8264,0.0675009,-27.6276,0.8011411,395.2501292228699
28.3233,-0.9639764,12.9169,0.0669305,-27.6276,0.8223807,396.21500396728516
28.328,-0.9604961,12.9088,0.067564,-27.2278,0.8223807,397.1810324192047
28.3268,-0.9490949,12.9011,0.0662003,-27.2278,0.813497,398.2802333831787
28.3361,-0.949955,12.6286,0.0660378,-26.9367,0.813497,399.2486820220947
28.3431,-0.9468947,12.7233,0.0663452,-26.9367,0.8055337,400.21397399902344
28.3466,-0.949975,12.723,0.0679819,-26.9476,0.8055337,401.1798870563507
28.3474,-0.9612361,12.825,0.0657729,-26.9476,0.802835,402.24497961997986
28.3517,-0.9577358,13.0014,0.0679978,-27.1721,0.802835,403.2092306613922
28.3456,-0.9561356,12.971,0.0675933,-27.1721,0.8376009,404.1762557029724
28.3552,-0.9656566,12.9454,0.0673755,-27.398,0.8376009,405.23715925216675
28.3517,-0.9812981,12.9892,0.0684262,-27.398,0.847116,406.2052254676819
28.3617,-0.9553355,12.754,0.0678874,-27.1128,0.847116,407.16674542427063
28.3702,-0.9678768,12.6689,0.0688494,-27.1128,0.8352804,408.23356199264526
28.3775,-0.9742374,12.7182,0.067612,-27.6644,0.8352804,409.19632267951965
28.3755,-0.9845385,12.7355,0.0663895,-27.6644,0.8068213,410.17712354660034
28.378,-0.9911591,12.7535,0.0666141,-28.142,0.8068213,411.2446336746216
28.3752,-0.9654966,12.8353,0.0696043,-28.142,0.8527806,412.26023530960083
28.3794,-0.9881388,12.8977,0.0672837,-28.0605,0.8527806,413.2172393798828
28.3925,-0.9866787,12.7538,0.0686407,-28.0605,0.8340897,414.1860136985779
28.3908,-0.9942594,12.9431,0.0682409,-28.2459,0.8340897,415.2522306442261
28.3908,-0.9942594,12.9431,0.0682409,-28.2459,0.8419592,416.21629786491394
28.395,-0.9772777,12.8368,0.0678892,-27.7694,0.8419592,417.1888105869293
28.4018,-0.9732373,12.9275,0.0692881,-27.7694,0.8538041,418.2698142528534
28.4021,-0.9747575,12.8325,0.0683639,-27.7041,0.8538041,419.2578160762787
28.3969,-0.9533754,12.7486,0.0683271,-27.7041,0.8301299,420.25582098960876
28.404,-0.9611961,12.8934,0.067799,-27.3191,0.8301299,421.24682092666626
